{
  "RMSE": 30642.201182342607,
  "MAE": 19037.584429496772,
  "R2": 0.8775874105042151
}