{
  "RMSE": 28747.70397439884,
  "MAE": 17473.413574381986,
  "R2": 0.8922561490246271
}