{
  "RMSE": 24292.355340723963,
  "MAE": 14975.12890625,
  "R2": 0.9230647683143616
}